news_id,analysis_date,prompt_version,model,status,error_message,relevance_score,impact_score,impact_direction,signal_type,recommended_decision,primary_tickers,secondary_tickers,primary_subthemes,summary,why_it_matters,follow_up_questions,confidence,input_chars,output_chars,input_tokens,output_tokens
semiengineering_24278039,2026-06-28,deepseek_news_json_mode_v1,deepseek-v4-flash,ok,,3,2,mixed,supply,watch,,,"AI Hardware,Equipment,Advanced Packaging","Weekly roundup covers Onsemi-Synaptics acquisition, IBM 7Å chip, advanced packaging, CHIPS Act award, and AI pressure points.","This roundup highlights ongoing AI hardware advances, capacity constraints in advanced packaging, and government investment, which collectively influence the AI infrastructure supply chain.",How does the IBM 7Å chip impact AI compute competition? | What are the implications of the CHIPS Act award for domestic advanced packaging capacity?,3,6173,833,1457,1264
semiengineering_24278114,2026-06-28,deepseek_news_json_mode_v1,deepseek-v4-flash,ok,,5,4,mixed,product,keep,"ANET,MRVL","COHR,LITE,CRDO","Networking,Optical",I/O design challenges in AI data centers and HPC clusters may create bottlenecks but also drive demand for advanced interconnect solutions.,"As AI scales, I/O bottlenecks become critical, impacting networking and optical component companies that provide high-speed interconnects and solutions.",How are companies like Arista and Marvell addressing I/O design challenges? | What specific design tradeoffs are considered most critical for scaling AI data center interconnects?,4,6195,852,1447,550
semiengineering_24278028,2026-06-28,deepseek_news_json_mode_v1,deepseek-v4-flash,ok,,2,1,neutral,noise,reject,,,,"Article discusses the need for earlier design work due to chip complexity, focusing on EDA and chiplets, but no direct mention of companies.",Potentially relevant to semiconductor design trends but not directly impacting AI infrastructure or software watchlist.,,3,5965,569,1396,884
semiengineering_24277569,2026-06-28,deepseek_news_json_mode_v1,deepseek-v4-flash,ok,,4,3,positive,product,keep,"ANET,MRVL","COHR,LITE","Networking,Optical","Architectural improvements for cloud HPC low-latency fabrics, topology-aware scheduling, and tiered memory reduce AI latency and cost.","Advances in networking and architecture directly benefit AI infrastructure companies providing low-latency fabrics and optical connectivity, potentially driving demand for Arista and Marvell products.",Which companies are leading in topology-aware scheduling for AI? | How will these architectural changes affect data center capex plans?,4,6151,834,1438,606
semiengineering_24277900,2026-06-28,deepseek_news_json_mode_v1,deepseek-v4-flash,ok,,2,1,unclear,noise,reject,,,,Researchers from UC Riverside and Futurewei published a technical paper on using LLMs for RTL code generation.,"Advancements in AI-assisted hardware design could improve productivity for semiconductor companies, but this is early-stage research with no immediate commercial impact on the watchlist.",Will this technology be adopted by major EDA vendors? | Could this impact demand for AI compute used in training LLMs?,3,6437,739,1492,763
semiengineering_24277484,2026-06-28,deepseek_news_json_mode_v1,deepseek-v4-flash,ok,,2,2,neutral,noise,reject,,"ASML,KLAC",Equipment,"Weekly roundup of chip industry news covering EUV optimization, PDKs, memory deals, and EDA developments.",Provides broad industry context but lacks company-specific insights for AI infrastructure watchlist.,,3,6165,540,1456,814
semiengineering_24277375,2026-06-28,deepseek_news_json_mode_v1,deepseek-v4-flash,ok,,2,1,neutral,product,watch,,,"Memory,Equipment","Research paper from imec and KU Leuven explores read-centric DTCO for IGZO FeFETs in 3D heterogeneous AI memories, focusing on memory chiplets.","This research indicates ongoing advancements in memory technologies for AI, potentially impacting future memory solutions for AI infrastructure. However, it is early-stage and not tied to specific companies.",What are the performance metrics of IGZO FeFETs compared to existing memory? | Are any of the supported companies collaborating with imec on this technology?,3,6472,854,1536,1148
semiengineering_24277084,2026-06-28,deepseek_news_json_mode_v1,deepseek-v4-flash,ok,,1,1,neutral,noise,reject,,,,"Roundup of chip industry technical papers covering AI hardware, power management, chiplet security, and NAND flash tunneling.","This is a general academic roundup with no specific company or product news, making it irrelevant for actionable investment insights.",,5,6182,568,1444,356
semiengineering_24277145,2026-06-28,deepseek_news_json_mode_v1,deepseek-v4-flash,ok,,1,1,unclear,noise,reject,,,,"Roundup of research on valleytronics, tabletop 3D EUV, and humidity-sensitive optical data storage.",The article covers early-stage research with no immediate commercial application for AI infrastructure or software companies in the watchlist.,,4,5975,551,1402,424
semiengineering_24277176,2026-06-28,deepseek_news_json_mode_v1,deepseek-v4-flash,ok,,2,1,neutral,noise,reject,,,,"Academic paper from ETH Zurich and U. Bologna presents Chimera, an AI-MCU for ultra-low-power transformer inference, not directly linked to watchlist companies.","This is a research paper on edge AI hardware, not relevant to the data-center-focused AI infrastructure and software watchlist.",,5,6527,597,1526,604
semiengineering_24277192,2026-06-28,deepseek_news_json_mode_v1,deepseek-v4-flash,ok,,2,1,neutral,noise,reject,,,"AI Hardware,Equipment","Academic research explores graph attention for virtual metrology in semiconductor film deposition, involving Intel Foundry and ASU.",This technical paper is at an early research stage and does not immediately impact AI infrastructure or software watchlist companies. No direct business implications for supported tickers.,"Could this virtual metrology approach reduce demand for physical metrology equipment from companies like KLAC? | Will Intel Foundry adopt this for manufacturing, potentially affecting equipment suppliers?",2,6575,862,1496,744
semiengineering_24277104,2026-06-28,deepseek_news_json_mode_v1,deepseek-v4-flash,ok,,4,3,mixed,supply,keep,"TSM,ASML,KLAC",,"Manufacturing,Equipment","Article discusses sub-2nm manufacturing challenges, focusing on reducing variation, monitoring behavior, and targeting workloads to improve power, performance, and area/cost.","Advanced node manufacturing is critical for AI chips; challenges at sub-2nm may affect yield, cost, and performance of future AI accelerators, impacting supply and equipment demand.",What specific variations are most impactful at sub-2nm? | How does high NA EUV address these challenges?,3,6063,818,1418,815
semiengineering_24276911,2026-06-28,deepseek_news_json_mode_v1,deepseek-v4-flash,ok,,5,3,mixed,product,keep,"NVDA,TSM,MU","GLW,AEHR","GPU,Foundry,Memory","Roundup of chip industry developments including AI panel-level packaging, cool HBM, 2nm EDA tools, and glass core substrates.","Covers multiple advancements in AI chip packaging, memory, and manufacturing that impact the AI infrastructure supply chain and software tools.",Which companies are involved in panel-level packaging? | How do glass core substrates affect substrate supply for AI chips? | What are the implications of cool HBM for thermal management in AI data centers?,4,6272,844,1474,1320
semiengineering_24276933,2026-06-28,deepseek_news_json_mode_v1,deepseek-v4-flash,ok,,3,3,neutral,product,watch,,,Semiconductor Design,Discusses trade-offs between swapping I/O dies versus compute dies in chiplet-based multi-die assemblies.,"Impacts design decisions for AI accelerators and networking chips, influencing performance and flexibility of AI infrastructure components.",How do these trade-offs affect specific companies like Marvell or Broadcom? | What are the implications for interconnect technologies like optical I/O?,3,6059,731,1419,943
semiengineering_24276942,2026-06-28,deepseek_news_json_mode_v1,deepseek-v4-flash,ok,,3,2,positive,product,keep,,,"AI Hardware,Equipment","On-die observability is crucial for modern silicon design, impacting AI, automotive, and advanced packaging.","Improved observability in silicon design enhances chip performance and reliability, which is critical for AI infrastructure and advanced packaging. This trend benefits semiconductor equipment and EDA sectors indirectly.",How does on-die observability affect AI chip performance? | What are the key EDA tools enabling this?,3,6112,768,1424,809
semiengineering_24276899,2026-06-28,deepseek_news_json_mode_v1,deepseek-v4-flash,ok,,4,3,positive,product,keep,KEYS,"COHR,LITE,FORM,AEHR","Optical Test & Metrology,Networking",White paper argues 1.6T networking demands a new class of test systems for AI data center validation.,Advances in validation infrastructure are critical for scaling AI networks; increased demand for test equipment may benefit metrology and test companies.,What specific test capabilities are needed for 1.6T? | How will this affect data center equipment spending? | Which test companies are best positioned?,4,6013,796,1415,669
semiengineering_24276670,2026-06-28,deepseek_news_json_mode_v1,deepseek-v4-flash,ok,,3,2,neutral,product,watch,"NVDA,MU",RMBS,"Memory,AI Hardware",USC and UW propose a semantics-aware memory hierarchy to reduce HBM pressure for LLM reasoning.,"This research could lead to more efficient memory utilization in AI inference, potentially reducing reliance on HBM and affecting GPU and memory vendors.",How does this approach compare to existing KV cache compression methods? | What are the implications for future HBM demand?,3,6359,738,1487,726
semiengineering_24276681,2026-06-28,deepseek_news_json_mode_v1,deepseek-v4-flash,ok,,2,2,neutral,product,watch,,"LITE,COHR",Optical,"Roundup of chip industry technical papers covers silicon photonics, thermal modeling, and optical phased array advances.","Indicates ongoing R&D in optical connectivity and thermal management, areas critical for AI infrastructure scaling.",Which specific papers are most impactful for commercial optical interconnect? | Any new companies emerging?,3,6186,679,1445,543
semiengineering_24276661,2026-06-28,deepseek_news_json_mode_v1,deepseek-v4-flash,ok,,3,2,unclear,product,watch,NVDA,,"AI Hardware,Bottleneck",Technical paper from UC San Diego and Meta introduces HW-native GPU compiler for optimizing data movement in large-scale ML production.,"Explores potential improvements in GPU compiler efficiency for large-scale ML, which could reduce key bottlenecks in AI compute and influence future GPU design or software stacks.",Could this compiler be adopted by NVIDIA or other GPU vendors? | What specific data movement optimizations are achieved compared to current compilers?,3,6486,823,1498,536