fetch_run_at,news_id,title,url,published_at,updated_at,change_status,source
2026-06-29T14:57:33Z,semiengineering_24277924,"Atom Probe Framework Tracks Phase Instability In Si-Doped Gallium Oxide (SUNY, Ohio State, LLNL)",https://semiengineering.com/atom-probe-framework-tracks-phase-instability-in-si-doped-gallium-oxide-suny-ohio-state-llnl/,2026-06-22,2026-06-22,updated,semiengineering
2026-06-29T14:57:33Z,semiengineering_24277928,"Interference Risks In Processing-Using-DRAM (U. of Tokyo, ETH Zurich, CISPA, Riken)",https://semiengineering.com/pudghost-reveals-interference-risks-in-processing-using-dram/,2026-06-22,2026-06-22,updated,semiengineering
2026-06-29T14:57:33Z,semiengineering_24277934,Advancements In Atomic-Scale Plasma Processing,https://semiengineering.com/advancements-in-atomic-scale-plasma-processing/,2026-06-22,2026-06-22,updated,semiengineering
2026-06-29T14:57:33Z,semiengineering_24277968,New USB Standards: Benefits And Incompatibilities,https://semiengineering.com/new-usb-standards-benefits-and-incompatibilities/,2026-06-23,2026-06-23,updated,semiengineering
2026-06-29T14:57:33Z,semiengineering_24278023,Blog Review: June 24,https://semiengineering.com/blog-review-june-24-3/,2026-06-24,2026-06-24,updated,semiengineering
2026-06-29T14:57:33Z,semiengineering_24278005,Creating A Moore’s Law For AI Scaling,https://semiengineering.com/creating-a-moores-law-for-ai-scaling/,2026-06-24,2026-06-24,updated,semiengineering
2026-06-29T14:57:33Z,semiengineering_24277993,Optimizing Curvilinear OPC: Vector- Based Site and Anchor Decoupling,https://semiengineering.com/optimizing-curvilinear-opc-vector-based-site-and-anchor-decoupling/,2026-06-24,2026-06-23,updated,semiengineering
2026-06-29T14:57:33Z,semiengineering_24278002,Automate the Pain Away: HW/SW Interface Design Methodology,https://semiengineering.com/automate-the-pain-away-hw-sw-interface-design-methodology/,2026-06-24,2026-06-23,updated,semiengineering
2026-06-29T14:57:33Z,semiengineering_24278006,"Continuous Physics Reasoning: Definition, Minimum Criteria, and the Role of Foundation Models for Physics",https://semiengineering.com/continuous-physics-reasoning-definition-minimum-criteria-and-the-role-of-foundation-models-for-physics/,2026-06-24,2026-06-23,updated,semiengineering
2026-06-29T14:57:33Z,semiengineering_24278081,Scaling Production Test Without Scaling Complexity,https://semiengineering.com/scaling-production-test-without-scaling-complexity/,2026-06-25,2026-06-24,updated,semiengineering
2026-06-29T14:57:33Z,semiengineering_24278090,Introducing An Agentic LLM For Chip Design,https://semiengineering.com/introducing-an-agentic-llm-for-chip-design/,2026-06-25,2026-06-24,updated,semiengineering
2026-06-29T14:57:33Z,semiengineering_24278076,More Massive Still: Why AI Infrastructure Demands A Unified Design Approach,https://semiengineering.com/more-massive-still-why-ai-infrastructure-demands-a-unified-design-approach/,2026-06-25,2026-06-24,updated,semiengineering
2026-06-29T14:57:33Z,semiengineering_24278099,How Far Left Can We Really Shift Verification?,https://semiengineering.com/how-far-left-can-we-really-shift-verification/,2026-06-25,2026-06-24,updated,semiengineering
2026-06-29T14:57:33Z,semiengineering_24278058,Executive Outlook: Agentic AI’s Impact On Chip Design,https://semiengineering.com/executive-outlook-agentic-ais-impact-on-chip-design/,2026-06-25,2026-06-24,updated,semiengineering
2026-06-29T14:57:33Z,semiengineering_24278067,Verification Methodologies Struggle To Keep Up With AI,https://semiengineering.com/verification-methodologies-struggle-to-keep-up-with-ai/,2026-06-25,2026-06-25,updated,semiengineering
2026-06-29T14:57:33Z,semiengineering_24278188,Rethinking Chip Verification,https://semiengineering.com/rethinking-chip-verification/,2026-06-29,2026-06-29,new,semiengineering
